2022-07-30 23:59:44+00:00,1553530815245582337,"If history is my guide, SPX will print sub 3000 sometime in the next 6 months.  Please, don't forget, how top heavy the indices have become.  I'm old enuf to remember when $INTC was far and away the most important equity in the world.  $AAPL printed an ATH in March 2020 at 81 -",ryan554
2022-07-30 23:57:12+00:00,1553530176889393152,@SuburbanDrone I‚Äôll stick with my AAPL,FBMSubVet
2022-07-30 23:56:17+00:00,1553529946982588417,"ROTH IRA 1:JULY END
Tech positions: $AMZN $AMD $SOFI $DIS $GOOGL 
&amp; $GOOGL June 2024 calls
Biotech positions: $PDSB $PAVM $DAWN $MYOV $LUCD $VRCA $LIFE $OTIC

Swing trades: $DRMA $CYCN $BLUE

ROTH IRA 2:JULY END
TECH: $AMD $AMZN 
Options: $AAPL $MSFT calls

Biotech: $PDSB $PAVM",Pharmdca
2022-07-30 23:56:16+00:00,1553529945741074433,"LT Account: JULY END
Top Tech positions: $AMD $MSFT $GOOGL $ZS $AMZN $TTD $NET $AAPL $TWLO $CRWD

Top Undervalued Biotech: $PDSB $PAVM $ONCT $CRVS $CRDF $MYOV $AXSM $EIGR $ORTX $BFRI $BCTX $DAWN
Rest: $XAIR $AUPH $NARI $DMTK $TARA $ARDX

Conc. swing position $DRMA $ABEO",Pharmdca
2022-07-30 23:54:16+00:00,1553529439501287425,"Dow Jones #Futures: #StockMarket Rally Passes Inflection Point; #Apple, #Exxon Flash Buy Signals https://t.co/VOQdLq6GXu via @IBDinvestors $AAPL $XOM $CVX $ON $NIO $XPEV $LI $BYDDF $TSLA $VRTX $WMT $FFTY $BOUT $IGV $SMH $XME $PAVE $XHB $JETS $XLE $XLF $XLV $ARKK $ARKG $PAVE #ETFs",TradingAllIn
2022-07-30 23:51:23+00:00,1553528715027496961,"Trade Smart, Automate Entry till Exits on Options and Stocks using the Drat Smart Trader! https://t.co/3UE8sjGKli
 $BCAC $TEUM  $SPY $QQQ $TSLA $MSFT $AAPL   #Dione #Stocks #Trading #Invest #Options #ETF #Smart #Dowstrademus #SmartTrader #DratSmartTrader #MoneyManagement #Money",DratSmartTrader
2022-07-30 23:48:34+00:00,1553528007591075841,"Twitter's Top Stocks: 

$SPY  Price: $411.99  Mentions: 115
$TSLA  Price: $891.45  Mentions: 77
$AAPL  Price: $162.51  Mentions: 59
$QQQ  Price: $315.46  Mentions: 57
$AMC  Price: $14.56  Mentions: 46

#stocks #investing #trading",RealHotTakesBot
2022-07-30 23:48:14+00:00,1553527922346151951,"Twitter's Thoughts:

$SPY - Very Positive 
$TSLA - Very Positive 
$AAPL - Very Positive 
$QQQ - Very Positive 
$AMC - Very Positive 

#stocks #investing #trading",RealHotTakesBot
2022-07-30 23:47:41+00:00,1553527783896207360,"Be aware that $AAPL could head up to test $180 if the stock breaks out. üòç ""Overall, we believe our year-over-year revenue growth will accelerate during the September quarter compared to the June quarter..."", said the company during their Q3 2022 earnings call. #NASDAQ $SPX #DJIA https://t.co/Jm6FHLbvhn",wijaranakula
2022-07-30 23:43:07+00:00,1553526633797017600,"$ELMS $BCAC $FPAC $TRNX $ARIZW $DYNS $TEUM $TSLA $SPY $AAPL $GME $AMC - Get the Alert before the Move Automate, Sleep &amp; Earn with DRAT Smart Trader. Plan your trade.
https://t.co/yfMiXhDQcu
#dowstrademus #trading #stocks #option #options #DraTalerts #smarttrader https://t.co/zutLPzxiog",Dowstrademus
2022-07-30 23:43:04+00:00,1553526620870217728,$ELMS $BCAC $FPAC $TRNX $ARIZW $DYNS $TEUM $TSLA $SPY $AAPL $GME $AMC - Do you need a guide through wall street? Use our algo-driven trade alerts. Visit https://t.co/vmW4MEO5J0 to see our track record and get 25% off. #FinTwit #StockMarket #25%Off https://t.co/4CEH4eQcjW,Dowstrademus
2022-07-30 23:40:33+00:00,1553525990449901568,"Áõ£Ë¶ñÈäòÊüÑ(8Êúà1Êó•ÔΩû)
Áü≠ÊúüÁöÑ„Å´„ÅØÂ§èÊûØ„Çå„ÇÇÊÑèË≠ò„ÄÅÂ∞èÂûã„Å´Ë≥áÈáë„ÄÇ„Åæ„Å†„Åæ„Å†‰∏çÈÄèÊòé„Å™Áõ∏Â†¥Â•ΩÊ•≠Á∏æ‰∏≠ÂøÉ„Å´

4194„Éì„Ç∏„Éß„Éä„É´
3675„ÇØ„É≠„Çπ„Éû„Éº„Ç±„ÉÜ„Ç£„É≥„Ç∞
5334Êó•Êú¨ÁâπÊÆä
6965ÊµúÊùæ„Éõ„Éà„Éã„ÇØ„Çπ
6918„Ç¢„Éê„Éº„É´„Éá„Éº„Çø
3498Èúû„É∂Èñ¢„Ç≠„É£„Éî„Çø„É´
3323„É¨„Ç´„É†
6613QD„É¨„Éº„Ç∂„Éº
6292„Ç´„ÉØ„Çø
6338„Çø„Ç´„Éà„É™

$AAPL
$DDOG 
$PATH
$PLTR",kosokuonsoku
2022-07-30 23:38:00+00:00,1553525345919406081,"$AAPL $175 is achievable and still be in a major downtrend. MACD histograms appears to have bottomed.

#tradetowin https://t.co/NvKjFWNLmq",AreteTrading
2022-07-30 23:36:23+00:00,1553524939738599424,"Trade with a plan, Money Management made Easy https://t.co/yvlPD1kxiW
 $ELMS $DYNS  $SPY $QQQ $TSLA $MSFT $AAPL   #Dione #Stocks #Trading #Invest #Options #ETF #Smart #Dowstrademus #SmartTrader #DratSmartTrader #MoneyManagement #Money",DratSmartTrader
2022-07-30 23:33:58+00:00,1553524333548638209,$SPY Market Review - What to expect  for Next Week $TSLA $AAPL $SPY $uvxy https://t.co/oLyovdhLYw,voidydude
2022-07-30 23:31:46+00:00,1553523779074420736,$AAPL Earnings reports today before the markets open...... https://t.co/xp3QdDnSEX,RoseDav17977040
2022-07-30 23:21:23+00:00,1553521164873478146,Everything you need to improve your Investment approach from Research to Automating Trades! https://t.co/ZBFB2RDNTW  $RICO $BCAC  $SPY $QQQ $TSLA $MSFT $AAPL   #Dione #Stocks #Trading #Invest #Options #ETF #Smart #Dowstrademus #SmartTrader #DratSmartTrader #MoneyManagement #Money,DratSmartTrader
2022-07-30 23:19:25+00:00,1553520669891198978,"Forget The New MacBook Pro, Apple Has A Better Choice
$AAPL 
Powered by https://t.co/nPzL7131RD https://t.co/g78XtMq4r2",BigTech_News
2022-07-30 23:18:40+00:00,1553520480518275073,There can be only one $MSFT $AAPL. I think MSFT starts to outperform again https://t.co/69xJsToOCU,simple_million
2022-07-30 23:17:03+00:00,1553520073364492288,Lomi review: A great countertop composter -- if you've got the space for it https://t.co/PceFIiyYPo $AAPL https://t.co/MUUrBpj9p9,MacHashNews
2022-07-30 23:14:13+00:00,1553519360723017729,"(Weekly) US Stock Market Summary

https://t.co/DfVEts54KM

$AAPL $MSFT $GOOG $AMZN $TSLA $BRK-B $UNH $JNJ $TSM $NVDA $ENPH $SEDG $CEG $URI $CMG $CEG $CDNS $ADSK $AMZN $SWK $CINF $CMCSA $NEM $BAX $CMCSA $CHTR $PDD $INTC $SPX $SPY $NDX $QQQ",BulldudeC
2022-07-30 23:13:07+00:00,1553519084779712513,"$ELMS $BCAC $FPAC $TRNX $ARIZW $DYNS $TEUM $TSLA $SPY $AAPL $GME $AMC - Get the Alert before the Move Automate, Sleep &amp; Earn with DRAT Smart Trader. Plan your trade.
https://t.co/yfMiXhDQcu
#dowstrademus #trading #stocks #option #options #DraTalerts #smarttrader https://t.co/9pDaGMdY5s",Dowstrademus
2022-07-30 23:13:04+00:00,1553519071211114497,$ELMS $BCAC $FPAC $TRNX $ARIZW $DYNS $TEUM $TSLA $SPY $AAPL $GME $AMC - Do you need a guide through wall street? Use our algo-driven trade alerts. Visit https://t.co/vmW4MEO5J0 to see our track record and get 25% off. #FinTwit #StockMarket #25%Off https://t.co/ZZOU08oELu,Dowstrademus
2022-07-30 23:11:28+00:00,1553518670093090817,"‚û° https://t.co/CGMCEk5CZZ

Learn To Trade While You're Working From Home

$AAPL $AMZN $BTC $ETH $FB $GOOG $MSFT $QQQ $SPY $TSLA https://t.co/rVfnKE0Ksu",AlertTrade
2022-07-30 23:10:11+00:00,1553518347102330880,"Cathie Wood Sees Early Signs Of Bear Market Ending, Stands By Favorite Growth Stock Picks https://t.co/KGbwoPEau3  $SPY $TSLA $DJIA $QQQ $AAPL",LlcBillionaire
2022-07-30 23:08:44+00:00,1553517982151651328,$AAPL weekly chart signaled on 7/25 https://t.co/l79PeAPxso,FlyrUsr
2022-07-30 23:08:42+00:00,1553517974027268096,$AAPL long tail up on Friday.  #pointAndfigure https://t.co/2mApJprGVk,FlyrUsr
2022-07-30 23:07:43+00:00,1553517727343513600,"$AAPL +  $META analysis was perfect. Everyone learn yourself how to look for opportunities to buy or short. 

Look at  all gurus trends but buy sell short based on your analysis. Knowledge is powerful. All alert services are fake &amp; pumps. https://t.co/xWFZcV6zVA",WsbmodR
2022-07-30 23:07:39+00:00,1553517709346099200,"üî•üî• Automated Hourly $AAPL üçé Sentiment Report (üìà / üìâ) üî•üî•
1. Product Series Reviews:
#iPhones 91/78
#Mac #Macbook 69/77
#iPad 67/62
#AppleWatch 42/95
#MacOS #iOS 58/58
General #Apple Products 88/97
2. Company News: 42/53
3. Social Media: 63/48
07/30/2022 23:07 UTC",AAPLinsights
2022-07-30 23:06:23+00:00,1553517390339526658,"Automate, Sleep &amp; Earn with DRAT Smart Trader. Now available with TD Ameritrade Connection https://t.co/U1ieJeCZ5H  $KLDO $DYNS  $SPY $QQQ $TSLA $MSFT $AAPL   #Dione #Stocks #Trading #Invest #Options #ETF #Smart #Dowstrademus #SmartTrader #DratSmartTrader #MoneyManagement #Money",DratSmartTrader
2022-07-30 23:04:37+00:00,1553516946553028610,"This Burrito Chain Has A Better 5-Year Return Than Apple $AAPL, Nvidia $NVDA, Microsoft $MSFT, Ford $F, Starbucks, Disney And Amazon $AMZN https://t.co/g1SNun55kG",LlcBillionaire
2022-07-30 23:01:22+00:00,1553516128042991616,"Trending Stocks on #fintwit: 

Source: https://t.co/cWJOwWSb0I 

1. $BTC ü•á
2. $SHOP ü•à
3. $PYPL ü•â
4. $CRWD
5. $TTD
6. $DIS
7. $SPY
8. $SPX
9. $TSLA
10. $AAPL

( Sorted by last hour ) https://t.co/k9WvOj2XiB",fintwit_synapse
2022-07-30 22:54:26+00:00,1553514381924876288,"Friday was my biggest red day since changing strategy
In this #TradeReview Video I go over the mistakes I did and what I need to do improve

Also go through the setups from 28.07.2022
$AAPL $AMD $NVDA $AMZN $MSFT $SPY $QQQ $VIX
#tradingjourney 

https://t.co/GZZuZ82XiB",KuungFuuPaandaa
2022-07-30 22:51:23+00:00,1553513615252082688,"Trade Smart, Automate Entry till Exits on Options and Stocks using the Drat Smart Trader! https://t.co/3UE8sjGKli
 $ELMS $BCAC  $SPY $QQQ $TSLA $MSFT $AAPL   #Dione #Stocks #Trading #Invest #Options #ETF #Smart #Dowstrademus #SmartTrader #DratSmartTrader #MoneyManagement #Money",DratSmartTrader
2022-07-30 22:51:08+00:00,1553513554438938625,"$AAPL is moving extremely fast after the breakout.

First target hit.

The price needs a pullback soon

https://t.co/lZIw6TnHLU",TizyCharts
2022-07-30 22:47:15+00:00,1553512577178673152,"Chat Room: Apple Inc.

05/26/1999 9:42pm ET

Michael Burry to Mike Connolly 

$AAPL https://t.co/jT5AG8lnFy",BurryDeleted
2022-07-30 22:43:07+00:00,1553511535149871104,"$ELMS $BCAC $FPAC $TRNX $ARIZW $DYNS $TEUM $TSLA $SPY $AAPL $GME $AMC - Get the Alert before the Move Automate, Sleep &amp; Earn with DRAT Smart Trader. Plan your trade.
https://t.co/yfMiXhDQcu
#dowstrademus #trading #stocks #option #options #DraTalerts #smarttrader https://t.co/vQpfNvinT2",Dowstrademus
2022-07-30 22:43:04+00:00,1553511521652654080,$ELMS $BCAC $FPAC $TRNX $ARIZW $DYNS $TEUM $TSLA $SPY $AAPL $GME $AMC - Do you need a guide through wall street? Use our algo-driven trade alerts. Visit https://t.co/vmW4MEO5J0 to see our track record and get 25% off. #FinTwit #StockMarket #25%Off https://t.co/PbngbkzjE0,Dowstrademus
2022-07-30 22:42:46+00:00,1553511445416910848,"@SSearch2021 Bookmap 
You can get it from from TD. 
I have paid 40 per month for all stocks but if you are trading just SPY AAPL MSFT then free version has all. 

Have an account on TD.
Download TOS desktop app. 
Then send a request through TOS support link right hand corner to enable bookmap https://t.co/37apjVguCl",WsbmodR
2022-07-30 22:39:13+00:00,1553510553619800064,@PandaOptions AAPL,UnbackedCapital
2022-07-30 22:37:14+00:00,1553510056116764672,"@Investingcom It wasn't record revenue. It was ""June Quarter record revenue"".

In fact, they posted 123 Billion 2 quarters ago.

$AAPL",PicassoCharts
2022-07-30 22:36:23+00:00,1553509840453914625,"Trade with a plan, Money Management made Easy https://t.co/yvlPD1kxiW
 $BCAC $SHCAW  $SPY $QQQ $TSLA $MSFT $AAPL   #Dione #Stocks #Trading #Invest #Options #ETF #Smart #Dowstrademus #SmartTrader #DratSmartTrader #MoneyManagement #Money",DratSmartTrader
2022-07-30 22:33:56+00:00,1553509222553460736,"@garyblack00 @ajtourville Let‚Äôs say Tsla in x years 5x from here‚Ä¶in my opinion  it would cause much more ‚Äúsensation‚Äù Elon approaching 1T rather than Tesla reaching about 4,5T(probably in the meantime Aapl,Msft,Goog with similar market cap)short term pressure but probably neutral/positive longer term",PierluigiBocci
2022-07-30 22:30:00+00:00,1553508234572353536,"„Åä„ÅØ„Åø„Åø„Çã„Çìüå∏

„Åø„Åø„Çã„É©„Éú„Ç¶„Ç£„Éº„ÇØ„É™„Éºü•∞
""‰∏ÄÁõÆ„Åß„Çè„Åã„Çã‰ªäÈÄ±„ÅÆNASDAQ100""

ÊåáÊï∞„ÅØ„Éä„Çπ„ÉÄ„ÉÉ„ÇØ100„ÅØÈÄ±Èñì4.45%‰∏äÊòáüöÄ
Ê±∫ÁÆóÁô∫Ë°®Âæå„ÅÆ $AMZN $AAPL „ÅåÂ§ß„Åç„ÅèÊäº‰∏ä„Åí
‰∏ÄÊñπ„Åß $META $CMCSA „Å™„Å©Ê±∫ÁÆó„ÅßÂ§ß„Åç„Åè‰∏ãËêΩ„Åó„Åü„ÇÇ„ÅÆ„ÇÇ„ÅÇ„ÇäÊòéÊöó„ÅåÂàÜ„Åã„Çå„Çãüí¶

Âºï„ÅçÁ∂ö„ÅçÊ±∫ÁÆóÁô∫Ë°®„Å´„ÅØË¶ÅÊ≥®ÊÑè„Åß„Åô„Å≠

#Á±≥ÂõΩÊ†™ #„É¨„Éê„Éä„Çπ https://t.co/3FUEz4Vlp5",mimiru_usstock
2022-07-30 22:29:27+00:00,1553508095707385857,This rally in the market has been strange. May have made sense for some names as they were insanely oversold. Some not so much. $aapl and $msft essentially unphased. Interesting,Lazzuss
2022-07-30 22:23:12+00:00,1553506522105540608,"„Åì„Çå„Åã„Çâ„É™„Çª„ÉÉ„Ç∑„Éß„É≥„Å´„Å™„Çã„Å®ËÅû„Åè„Å®ÊäïË≥áÂÆ∂„ÅØ„ÄÅ„Ç≠„É£„ÉÉ„Ç∑„É•„Éï„É≠„Éº„Åå„ÉÄ„É≥„Éà„ÉÑ„Å´„Åü„Åè„Åï„Çì„ÅÇ„Å£„Å¶EPS„ÅåÈ´ò„Åè„Å¶Ê±∫ÁÆó„ÅåËâØ„Åã„Å£„Åü„Å®„Åì„Çç„Å´ÈõÜ‰∏≠„Åô„Çã„ÄÇ

Á±≥Ê†™CF„ÅÆÂ§ö„ÅÑ„Å®„Åì„Çç

$AAPL $20.8bn
$MSFT 17.8
$EXON 16.9
$GOOG 12.6
$CVX 10.6
$UNH 6.2
$VZ 6.2
$PFE 5.9
$VLO 5.4
$V 5.0",Athena_KanaPU11
2022-07-30 22:19:59+00:00,1553505711853748224,"People are complaining about the ""profiteering"" by oil companies.  Who had bigger deductions for taxes this quarter?  Exxon or Apple?  $XOM $AAPL

Enjoy the weekend! üôèü§ì",KailashConcepts
2022-07-30 22:19:57+00:00,1553505705977532416,"Equally emblematic of legacy biases favoring discretionary tech stocks over producers of basics, in beating their quarter, $AAPL's stock price rose roughly ""a fifth of an $XOM "" or ""an $EOG and a half"" or ""nearly a $COP.""",KailashConcepts
2022-07-30 22:19:57+00:00,1553505703892881408,"Basics &amp; Essentials (again!)

Anyone talking about how $XOM just made as much money as $AAPL this quarter yet Apple is worth ~7x as much as Exxon?",KailashConcepts
2022-07-30 22:17:09+00:00,1553505002039164929,Check out these awesome trading systems: https://t.co/SlDMcCQf0c $AAPL $NFLX $TSLA $FB $VIX $DWTI $UWTI $SPY,ProfectuSystems
2022-07-30 22:16:32+00:00,1553504845352542209,@tim_cook $AAPL,vansherod
2022-07-30 22:14:13+00:00,1553504260427595787,$VXRT $ARVL $FREY $AAPL $MULN $TSLA $KOSS the most searched stocks on https://t.co/mzNQioP8S8 over the last week‚Ä¶ https://t.co/YRF2A2p7QI,trackfunds
2022-07-30 22:14:12+00:00,1553504257030119424,"$AAPL #AAPL 
#Trading #Stocks #Cryptos #Traders https://t.co/Wri6GUtWDl",MichaelBW80
2022-07-30 22:13:07+00:00,1553503985335619585,"$ELMS $BCAC $FPAC $TRNX $ARIZW $DYNS $TEUM $TSLA $SPY $AAPL $GME $AMC - Get the Alert before the Move Automate, Sleep &amp; Earn with DRAT Smart Trader. Plan your trade.
https://t.co/yfMiXhDQcu
#dowstrademus #trading #stocks #option #options #DraTalerts #smarttrader https://t.co/dFTU0IuJw2",Dowstrademus
2022-07-30 22:13:04+00:00,1553503971540471811,$ELMS $BCAC $FPAC $TRNX $ARIZW $DYNS $TEUM $TSLA $SPY $AAPL $GME $AMC - Do you need a guide through wall street? Use our algo-driven trade alerts. Visit https://t.co/vmW4MEO5J0 to see our track record and get 25% off. #FinTwit #StockMarket #25%Off https://t.co/NRR6dkQJYS,Dowstrademus
2022-07-30 22:12:04+00:00,1553503720796725248,"$AAPL #AAPL
#TradingView #Stocks #Cryptos #Traders https://t.co/UeWoWSoTzv",MichaelBW80
2022-07-30 22:10:12+00:00,1553503251194171402,"$AAPL 160p gonna print next week 

https://t.co/1zl3B24xlE

Powerful order system and great mobile app.. better fills for day traders. https://t.co/DklFrVtyn1",TheDonTradez
2022-07-30 22:08:02+00:00,1553502704974135296,"My top 10 holdings make up 75% of my portfolio as of Jul 2022

$NVDA - 13%
$DDOG - 10%
$TTD - 9%
$CRWD - 8%
$AMZN - 7%
$MELI - 7%
$NET - 6%
$AAPL - 5%
$SNOW - 5%
$SHOP - 5%

(%'s rounded to the whole number)

What's your top 10? How much % does it occupy in your portfolio? https://t.co/SPibvhaH29",dhaval_kotecha
2022-07-30 22:07:15+00:00,1553502507716182017,"üî•üî• Automated Hourly $AAPL üçé Sentiment Report (üìà / üìâ) üî•üî•
1. Product Series Reviews:
#iPhones 83/86
#Mac #Macbook 73/79
#iPad 74/66
#AppleWatch 56/100
#MacOS #iOS 68/59
General #Apple Products 97/97
2. Company News: 51/73
3. Social Media: 60/28
07/30/2022 22:07 UTC",AAPLinsights
2022-07-30 22:06:23+00:00,1553502290463535105,"Automate, Sleep &amp; Earn with DRAT Smart Trader. Now available with TD Ameritrade Connection https://t.co/U1ieJeCZ5H  $BCAC $TEUM  $SPY $QQQ $TSLA $MSFT $AAPL   #Dione #Stocks #Trading #Invest #Options #ETF #Smart #Dowstrademus #SmartTrader #DratSmartTrader #MoneyManagement #Money",DratSmartTrader
2022-07-30 22:00:29+00:00,1553500806476955648,#TheVerge: The Google Pixel‚Äôs squeeze for assistant was a button without a button $AAPL https://t.co/de4JumEQsy,SigmaMargaux
2022-07-30 22:00:01+00:00,1553500689090760704,"„Åä„ÅØ„Åø„Åø„Çã„Çìüå∏

„Åø„Åø„Çã„É©„Éú„Ç¶„Ç£„Éº„ÇØ„É™„Éºü•∞
""‰∏ÄÁõÆ„Åß„Çè„Åã„Çã‰ªäÈÄ±„ÅÆ„ÅÜ„Åî„Åç""

‰ªäÈÄ±„ÅØÊ†™‰æ°ÊåáÊï∞„ÅØÊèÉ„Å£„Å¶‰∏äÊòáüöÄ
$AMZN $AAPL „Å™„Å©‰∏ªÂäõÈäòÊüÑ„ÅÆÊ±∫ÁÆóÈäòÊüÑ„ÅåÊåáÊï∞„ÇíÂ§ß„Åç„ÅèÊäº‰∏ä„Åíüéµ
VIX„ÇÇ„Åã„Å™„ÇäËêΩ„Å°ÁùÄ„ÅÑ„Å¶„Åç„Å¶„ÅÑ„Åæ„Åô„Å≠üå∏

8ÊúàÂàùÈÄ±„ÅØISM„ÇÑÈõáÁî®Áµ±Ë®à„Å™„Å©ÈáçË¶ÅÊåáÊ®ô„ÇÇÁ∂ö„Åç„Åæ„Åô‚ú®
Áô∫Ë°®„ÇÑÁô∫Ë®Ä„Å´Ê≥®ÊÑè„Åß„Åô

#Á±≥ÂõΩÊ†™ #„É¨„Éê„Éä„Çπ https://t.co/S8oKQgFHgJ",mimiru_usstock
2022-07-30 21:58:32+00:00,1553500316997492745,"$AMZN $AAPL $TSLA $MSFT $CVX $XOM $GOOGL $BRKB $GOOG

9 Tickers contributed 100/146 bps of Friday's $SPY performance üßê

Which means...

68% of the return was driven by 1.8% of the tickers ü§Ø

That's a top heavy rally üëÄ https://t.co/ZUze4huaiK",realpristinecap
2022-07-30 21:54:05+00:00,1553499193901195267,"@TeamPelosi If you are so worried about oil companies price gouging, what is your thoughts on $AAPL doing the same?",eric_greynolds_
2022-07-30 21:54:01+00:00,1553499177031696392,$TBLT $GETY $RMSL $GMVD $REV $CLVS $GOEV $XELA $ADN $RDBX $LTRY $CEI $MULN $KAVL $BFRI $OCGN $TSLA $AMC $GME $CLOV $BB $FCEL $PTON $JMIA $NU $DOGE $HBAR $AMZN $MSFT $HOOD $NIO $META $RIOT $MARA $TWTR $MSFT $AAPL $BTC $AVGO $INTC $ADBE $SAVE $VBIV $EEENF https://t.co/5kNal6Xsiw,KnightsoftheR17
2022-07-30 21:53:05+00:00,1553498944952344576,"Apple Accused Of Potential Consumer Data Misuse With Its ‚ÄòBuy Now, Pay Later‚Äô Service.  $AAPL  https://t.co/ecgZsGkuPB",FlyrUsr
2022-07-30 21:52:14+00:00,1553498731298840578,@kpak82 What happens to $AAPL when China takes Taiwan?,blind_nut
2022-07-30 21:51:23+00:00,1553498515539578880,"Trade Smart, Automate Entry till Exits on Options and Stocks using the Drat Smart Trader! https://t.co/3UE8sjGKli
 $RICO $SHCAW  $SPY $QQQ $TSLA $MSFT $AAPL   #Dione #Stocks #Trading #Invest #Options #ETF #Smart #Dowstrademus #SmartTrader #DratSmartTrader #MoneyManagement #Money",DratSmartTrader
2022-07-30 21:49:39+00:00,1553498079780917248,"$AAPL seeing an uptick in chatter on 4chan over the last 24 hoursVia https://t.co/DoXFBxbWjw#aapl    #4chan  #trading https://t.co/F8G6rzxTUY",topstonks
2022-07-30 21:49:38+00:00,1553498073673994241,$AAPL are we bullish ? #TheStrat https://t.co/WxzcLnSkFh,MrLuciano824
2022-07-30 21:47:24+00:00,1553497512241233924,"https://t.co/rOUQmsZ1RH
You already know the vibes. $SPY $AAPL $TSLA #TheStrat",FicoJordan
2022-07-30 21:47:13+00:00,1553497468188254208,"Why You Should Never Short The Stock Market

https://t.co/Kz1Vpksslu

$spy $aapl $tsla",SmartOptionsAi
2022-07-30 21:43:14+00:00,1553496464491528194,"$SPY  $AAPL $TSLA How could you have taken a short entry on that BTC drop? $BTC.X 
 
Here's is exactly how. Same thing is applicable to stocks in this scenario 
 
Plan the Trade, Trade the Plan https://t.co/wzaNIKoYg7",Options_Snipper
2022-07-30 21:43:07+00:00,1553496435097620481,$ELMS $BCAC $FPAC $TRNX $ARIZW $DYNS $TEUM $TSLA $SPY $AAPL $GME $AMC - Do you need a guide through wall street? Use our algo-driven trade alerts. Visit https://t.co/vmW4MEO5J0 to see our track record and get 25% off. #FinTwit #StockMarket #25%Off https://t.co/JqMkNVbBYJ,Dowstrademus
2022-07-30 21:43:04+00:00,1553496422816698369,"$ELMS $BCAC $FPAC $TRNX $ARIZW $DYNS $TEUM $TSLA $SPY $AAPL $GME $AMC - Get the Alert before the Move Automate, Sleep &amp; Earn with DRAT Smart Trader. Plan your trade.
https://t.co/yfMiXhDQcu
#dowstrademus #trading #stocks #option #options #DraTalerts #smarttrader https://t.co/tFPXTbWv4d",Dowstrademus
2022-07-30 21:41:46+00:00,1553496097817067521,"@TOzgokmen I only go by technicals, but üá®üá≥ taking over üáπüáº will drastically affect markets going forward. $AAPL waited too long to relocate production and $AMZN will get crushed. A new World Order.",SebastinPatron3
2022-07-30 21:41:18+00:00,1553495980514983938,$AAPL (daily) now with additional resistance elements https://t.co/2Pl34k9axC https://t.co/MsowPMJh7l,kpak82
2022-07-30 21:39:11+00:00,1553495444679905285,With $AAPL hinted at as the front runner in the bidding process https://t.co/BOfXjjTMF9,GlennBusch
2022-07-30 21:37:40+00:00,1553495063564468224,"@TicTocTick ü§£ü§£ü§£ü§£
How many lots above your 4060? Tick has been fucked. Subs all fucked shorting TSLA AAPL",StockBo31542273
2022-07-30 21:36:23+00:00,1553494742691762177,"Trade with a plan, Money Management made Easy https://t.co/yvlPD1kxiW
 $SHCAW $ARIZW  $SPY $QQQ $TSLA $MSFT $AAPL   #Dione #Stocks #Trading #Invest #Options #ETF #Smart #Dowstrademus #SmartTrader #DratSmartTrader #MoneyManagement #Money",DratSmartTrader
2022-07-30 21:35:54+00:00,1553494618259472388,#meta #metaverse #Bitcoin #btc $btc #Ethereum #eth $eth $xlm $xrp #xlm #xrp $dot #dot #vet $vet #crypto #CryptoCrash #CryptoCurrency #DigitalAssets #bnb #avax #icp #cro #uni #cake #hbar #hodl #ftt #qnt #stocks $tsla $mstr #defi #nft $spy $qqq $aapl $dia $iwm #nasdaq #sp500 #money https://t.co/5WrB2KAdJr https://t.co/jjQBIGwgll,shortterm13
2022-07-30 21:30:40+00:00,1553493301097119745,"Amazon $AMZN &amp; Apple $AAPL. Higher sales. Rising prices. What about #E2E #inventory &amp; #supplychains? Interesting how there is more discussion on inflation &amp; sales with #ecommerce than with #store #retail. 
https://t.co/tHFJv090fL",LTDManagement
2022-07-30 21:21:23+00:00,1553490965993701376,Everything you need to improve your Investment approach from Research to Automating Trades! https://t.co/ZBFB2RDNTW  $BCAC $FPAC  $SPY $QQQ $TSLA $MSFT $AAPL   #Dione #Stocks #Trading #Invest #Options #ETF #Smart #Dowstrademus #SmartTrader #DratSmartTrader #MoneyManagement #Money,DratSmartTrader
2022-07-30 21:19:05+00:00,1553490388165562369,@ccgg31 @KingKong9888 She shorted AAPL,Alimasubway
2022-07-30 21:18:52+00:00,1553490332293091328,"@ValueAnalyst1 Most of his users are in developing nations. It‚Äôll be ~ impossible to make them see his vision let alone monetize them (via any hw purchase or subs). 1+B user potential of whatsapp is yet tb unlocked. He should make deals with AAPL &amp; vehicle platform vendors like TSLA, WYMO etc.",svarncapital
2022-07-30 21:17:41+00:00,1553490037077057537,@Barchart We traded $SPY $AAPL and $NVDA,TopTraderUniv
2022-07-30 21:14:43+00:00,1553489289320665088,@SpiritofHo @thejass can't wait to have ww3 so her $NVDA and $AAPL investment returns are even higher,atomly
2022-07-30 21:14:05+00:00,1553489129760890880,Tim Hortons offers free coffee to settle mobile app class action lawsuits https://t.co/uzR8ybGNPz $AAPL https://t.co/OOtq9n0j3F,MacHashNews
2022-07-30 21:13:07+00:00,1553488886570950656,$ELMS $BCAC $FPAC $TRNX $ARIZW $DYNS $TEUM $TSLA $SPY $AAPL $GME $AMC - Do you need a guide through wall street? Use our algo-driven trade alerts. Visit https://t.co/vmW4MEO5J0 to see our track record and get 25% off. #FinTwit #StockMarket #25%Off https://t.co/DUWZ5RUX9j,Dowstrademus
2022-07-30 21:13:04+00:00,1553488874151632897,"$ELMS $BCAC $FPAC $TRNX $ARIZW $DYNS $TEUM $TSLA $SPY $AAPL $GME $AMC - Get the Alert before the Move Automate, Sleep &amp; Earn with DRAT Smart Trader. Plan your trade.
https://t.co/yfMiXhDQcu
#dowstrademus #trading #stocks #option #options #DraTalerts #smarttrader https://t.co/BGhd645TSv",Dowstrademus
2022-07-30 21:08:43+00:00,1553487779652423682,"Preparando la presentaci√≥n para el programa de @MomentumFinanc3 de ma√±ana. Para animar un poco el debate... Os comparto una de las diapositivas que seguro ser√°n m√°s pol√©micas. En la presentaci√≥n hablar√© muy al detalle de $META y luego earnings de $GOOGL, $AAPL, $AMZN, $MSFT https://t.co/xwSoyGAFLU",100invertido
2022-07-30 21:08:12+00:00,1553487649020776451,"Top Growth Stocks!

$NKE Nike
$PG Proctor &amp; Gamble 
$JPM JP Morgan
$AMT American Tower
$V Visa
$MCD McDonalds
$AAPL Apple
$MSFT Microsoft
$GS Goldman Sachs 
$TROW T Rowe Price Group
$ABBV AbbVie
$JNJ Johnson &amp; Johnson
$MA Mastercard
$AXP American Express",StocksOpen
2022-07-30 21:07:43+00:00,1553487525976895488,"üî•üî• Automated Hourly $AAPL üçé Sentiment Report (üìà / üìâ) üî•üî•
1. Product Series Reviews:
#iPhones 78/91
#Mac #Macbook 67/86
#iPad 77/75
#AppleWatch 63/100
#MacOS #iOS 68/59
General #Apple Products 91/94
2. Company News: 62/66
3. Social Media: 58/37
07/30/2022 21:07 UTC",AAPLinsights
2022-07-30 21:06:23+00:00,1553487191409455104,"Automate, Sleep &amp; Earn with DRAT Smart Trader. Now available with TD Ameritrade Connection https://t.co/U1ieJeCZ5H  $ELMS $SHCAW  $SPY $QQQ $TSLA $MSFT $AAPL   #Dione #Stocks #Trading #Invest #Options #ETF #Smart #Dowstrademus #SmartTrader #DratSmartTrader #MoneyManagement #Money",DratSmartTrader
2022-07-30 21:06:17+00:00,1553487167673864192,"Fridays WL results:

What a wild day üòÇ

Hope everyone has a wonderful weekend! ‚úä

$SPY $META $PFE $AAPL https://t.co/TIXbmbIMOs https://t.co/kjhcLa8Gwy",StrongholdTG
2022-07-30 21:00:00+00:00,1553485585695870978,"For the people who doubt the metaverse how do you explain companies investing billions into the concept?

It's not just $META but companies like $AAPL who don't need the metaverse to succeed.",TMillionaireOT
2022-07-30 20:51:23+00:00,1553483415847964672,"Trade Smart, Automate Entry till Exits on Options and Stocks using the Drat Smart Trader! https://t.co/3UE8sjGKli
 $KLDO $SHCAW  $SPY $QQQ $TSLA $MSFT $AAPL   #Dione #Stocks #Trading #Invest #Options #ETF #Smart #Dowstrademus #SmartTrader #DratSmartTrader #MoneyManagement #Money",DratSmartTrader
2022-07-30 20:48:03+00:00,1553482578044264448,#aapl stock up big this week on great earnings! https://t.co/z5LzwZO5YM,Briscoe_photo
2022-07-30 20:47:56+00:00,1553482548759724036,#meta #metaverse #Bitcoin #btc $btc #Ethereum #eth $eth $xlm $xrp #xlm #xrp $dot #dot #vet $vet #crypto #CryptoCrash #CryptoCurrency #DigitalAssets #bnb #avax #icp #cro #uni #cake #hbar #hodl #ftt #qnt #stocks $tsla $mstr #defi #nft $spy $qqq $aapl $dia $iwm #nasdaq #sp500 #money https://t.co/sYjFF9NDlR,shortterm13
2022-07-30 20:47:37+00:00,1553482469239840768,#meta #metaverse #Bitcoin #btc $btc #Ethereum #eth $eth $xlm $xrp #xlm #xrp $dot #dot #vet $vet #crypto #CryptoCrash #CryptoCurrency #DigitalAssets #bnb #avax #icp #cro #uni #cake #hbar #hodl #ftt #qnt #stocks $tsla $mstr #defi #nft $spy $qqq $aapl $dia $iwm #nasdaq #sp500 #money https://t.co/6ViKQoz0N7,shortterm13
2022-07-30 20:47:26+00:00,1553482422884470786,.@TooManyZooz you were amazing tonight @newmorning in Paris ü§òü§òü§ò,ugo_aapl
